{
  "name": "angucomplete-alt",
  "version": "2.4.1",
  "homepage": "http://ghiden.github.io/angucomplete-alt/",
  "authors": [
    "Hidenari Nozaki <hidenari@gmail.com>"
  ],
  "description": "Autocomplete directive for AngularJS",
  "keywords": [
    "autocomplete",
    "typeahead",
    "angularjs"
  ],
  "license": "MIT",
  "main": [
    "./angucomplete-alt.js",
    "./angucomplete-alt.css"
  ],
  "ignore": [
    "example",
    "bower_components",
    "node_modules",
    "**/.*",
    "test",
    "tests"
  ],
  "dependencies": {
    "angular": ">=1.4.0"
  },
  "devDependencies": {
    "angular-mocks": ">=1.4.0",
    "jquery": "~2.1.0"
  },
  "_release": "2.4.1",
  "_resolution": {
    "type": "version",
    "tag": "v2.4.1",
    "commit": "d5a96aa2ae7f76ca54171b946e066cab886ffdb0"
  },
  "_source": "https://github.com/ghiden/angucomplete-alt.git",
  "_target": "^2.4.1",
  "_originalSource": "angucomplete-alt"
}