{
  "name": "angu-fixed-header-table",
  "version": "1.2.0",
  "authors": [
    "Jason Watmore <jason@pointblankdevelopment.com.au> (http://jasonwatmore.com)",
    "Jean Maynier<jamynier@kpler.com>"
  ],
  "description": "AngularJS fixed header scrollable table directive",
  "main": "angu-fixed-header-table.js",
  "keywords": [
    "AngularJS",
    "Fixed Header Table"
  ],
  "license": "MIT",
  "homepage": "http://pointblankdevelopment.com.au/blog/angularjs-fixed-header-scrollable-table-directive",
  "ignore": [
    "**/.*",
    "node_modules",
    "bower_components",
    "test",
    "tests"
  ],
  "dependencies": {
    "angular": ">=1.2.16"
  },
  "_release": "1.2.0",
  "_resolution": {
    "type": "version",
    "tag": "v1.2.0",
    "commit": "41f8dfd1f35a242f2931cbf1885c82cfaace671b"
  },
  "_source": "https://github.com/cornflourblue/angu-fixed-header-table.git",
  "_target": "*",
  "_originalSource": "angu-fixed-header-table"
}