{
  "name": "angular-bootstrap-contextmenu",
  "version": "0.9.7",
  "main": [
    "contextMenu.js"
  ],
  "homepage": "https://github.com/Templarian/ui.bootstrap.contextMenu",
  "authors": [
    {
      "name": "Austin Andrews",
      "homepage": "http://templarian.com"
    }
  ],
  "license": [
    "MIT"
  ],
  "ignore": [
    "*.md",
    "*.json",
    "*.html"
  ],
  "keywords": [
    "angular",
    "angularjs",
    "bootstrap",
    "context",
    "menu",
    "contextmenu"
  ],
  "_release": "0.9.7",
  "_resolution": {
    "type": "version",
    "tag": "v0.9.7",
    "commit": "6c95bbde3abdd62a3d361e2563786f5f6e82fdf9"
  },
  "_source": "https://github.com/Templarian/ui.bootstrap.contextMenu.git",
  "_target": "*",
  "_originalSource": "angular-bootstrap-contextmenu"
}