{
  "name": "angular-material",
  "version": "1.0.7",
  "license": "MIT",
  "ignore": [],
  "dependencies": {
    "angular": "^1.4.8",
    "angular-animate": "^1.4.8",
    "angular-aria": "^1.4.8",
    "angular-messages": "^1.4.8"
  },
  "main": [
    "angular-material.js",
    "angular-material.css"
  ],
  "homepage": "https://github.com/angular/bower-material",
  "_release": "1.0.7",
  "_resolution": {
    "type": "version",
    "tag": "v1.0.7",
    "commit": "8a7e717a542200a2d1fb0deafbc7598371690683"
  },
  "_source": "git://github.com/angular/bower-material.git",
  "_target": "*",
  "_originalSource": "angular-material"
}